{"entities":{"pages":{"Overview":{"id":"Overview","title":"Overview","url":"overview.html","level":0,"tabIndex":0},"Getting-Started":{"id":"Getting-Started","title":"Getting Started","url":"getting-started.html","level":0,"tabIndex":1},"load.dataset":{"id":"load.dataset","title":"load.dataset","url":"load-dataset.html","level":0,"tabIndex":2},"preprocessing.scale":{"id":"preprocessing.scale","title":"preprocessing.scale","url":"preprocessing-scale.html","level":0,"tabIndex":3},"preprocessing.extract_segments":{"id":"preprocessing.extract_segments","title":"preprocessing.extract_segments","url":"preprocessing-extract-segments.html","level":0,"tabIndex":4},"preprocessing.morphology":{"id":"preprocessing.morphology","title":"preprocessing.morphology","url":"preprocessing-morphology.html","level":0,"tabIndex":5}}},"topLevelIds":["Overview","Getting-Started","load.dataset","preprocessing.scale","preprocessing.extract_segments","preprocessing.morphology"]}