{"entities":{"pages":{"Overview":{"id":"Overview","title":"Overview","url":"overview.html","level":0,"tabIndex":0},"Getting-Started":{"id":"Getting-Started","title":"Getting Started","url":"getting-started.html","level":0,"tabIndex":1},"Model-Test-Chestnut-May-Dec":{"id":"Model-Test-Chestnut-May-Dec","title":"Model Test Chestnut May-Dec","url":"model-test-chestnut-may-dec.html","level":0,"tabIndex":2},"load.dataset":{"id":"load.dataset","title":"load.dataset","url":"load-dataset.html","level":0,"tabIndex":3},"preprocessing.scale":{"id":"preprocessing.scale","title":"preprocessing.scale","url":"preprocessing-scale.html","level":0,"tabIndex":4},"preprocessing.extract_segments":{"id":"preprocessing.extract_segments","title":"preprocessing.extract_segments","url":"preprocessing-extract-segments.html","level":0,"tabIndex":5},"preprocessing.morphology":{"id":"preprocessing.morphology","title":"preprocessing.morphology","url":"preprocessing-morphology.html","level":0,"tabIndex":6},"preprocessing.glcm_padded":{"id":"preprocessing.glcm_padded","title":"preprocessing.glcm_padded","url":"preprocessing-glcm-padded.html","level":0,"tabIndex":7},"train.frdc_lightning":{"id":"train.frdc_lightning","title":"train.frdc_datamodule \u0026 frdc_module","url":"train-frdc-lightning.html","level":0,"tabIndex":8}}},"topLevelIds":["Overview","Getting-Started","Model-Test-Chestnut-May-Dec","load.dataset","preprocessing.scale","preprocessing.extract_segments","preprocessing.morphology","preprocessing.glcm_padded","train.frdc_lightning"]}